{"distance_per_trip": 3692.136322125363, "average_distance": 4474.59242875467, "max_distance": 30262.0, "median_distance": 3349.75}